Analyst, Sample ID, Sample Tag, Notes1, Type, 434 nm, 578 nm, 730 nm
RH&MJ, Blank, no dye,0, Blank,0.0003,0,0
RH&MJ, DIC-CRM186-1-1, no dye,0, Measurement 1,0.0368,0.0368,0.1135
RH&MJ, DIC-CRM186-2-2, no dye,0, Measurement 1,0.0354,0.0361,0.113
RH&MJ, DIC-CRM186-3-3, no dye,0, Measurement 1,0.0354,0.0358,0.1127
RH&MJ, BAYSTD1-1-B, no dye,0, Measurement 1,0.0612,0.0483,0.1225
RH&MJ, BAYSTD1-2-D, no dye,Sample was murky with sediment, Measurement 1,0.0822,0.0651,0.1357
RH&MJ, BAYSTD1-3-E, no dye,Sample was murky with sediment, Measurement 1,0.0913,0.0716,0.1406
RH&MJ, BAYSTD2-1-C, no dye,0, Measurement 1,0.0841,0.0588,0.127
RH&MJ, BAYSTD2-2-G, no dye,0, Measurement 1,0.0841,0.0587,0.1268
RH&MJ, BAYSTD2-3-4, no dye,0, Measurement 1,0.0852,0.059,0.1272
RH&MJ, DIC-CRM186-1-1, m-cresol added,0, Measurement 2,0.4971,1.1084,0.1108
RH&MJ, DIC-CRM186-2-2, m-cresol added,0, Measurement 2,0.4891,1.0868,0.11
RH&MJ, DIC-CRM186-3-3, m-cresol added,0, Measurement 2,0.4942,1.0964,0.1101
RH&MJ, BAYSTD1-1-B, m-cresol added,0, Measurement 2,0.6434,0.7344,0.1144
RH&MJ, BAYSTD1-2-D, m-cresol added,Sample was murky with sediment, Measurement 2,0.6714,0.7495,0.1199
RH&MJ, BAYSTD1-3-E, m-cresol added,Sample was murky with sediment, Measurement 2,0.6702,0.7454,0.1208
RH&MJ, BAYSTD2-1-C, m-cresol added,0, Measurement 2,0.6546,0.8328,0.1223
RH&MJ, BAYSTD2-2-G, m-cresol added,0, Measurement 2,0.6405,0.8159,0.1224
RH&MJ, BAYSTD2-3-4, m-cresol added,0, Measurement 2,0.6239,0.7911,0.1226
